﻿<?xml version="1.0" encoding="UTF-8"?>
<THEME>
	<COLORS>
			<INSTANCE name="bgcolor" color="0x000000" alpha="100"/>
			<INSTANCE name="playbutton" color="0xFF0000" alpha="100"/>
			<INSTANCE name="knob" color="0xFF2222" alpha="100"/>
			<INSTANCE name="loaderclip" color="0xcccccc" alpha="100"/>
			<INSTANCE name="seekbarbg" color="0x999999" alpha="100"/>
			<INSTANCE name="playingclip" color="0x870101" alpha="50"/>
			<INSTANCE name="controlsbg" color="0x7E0101" alpha="100"/>
			<INSTANCE name="timerbg" color="0x000000" alpha="100"/>
			<INSTANCE name="resizebutton" color="0xFF0000" alpha="100"/>
			<INSTANCE name="fullscreenbutton" color="0xFF0000" alpha="100"/>
			<INSTANCE name="sharebutton" color="0xFF0000" alpha="100"/>
			<INSTANCE name="nextclip" color="0xCCEBFF" alpha="100"/>
			<INSTANCE name="headerclip" color="0x0099FF" alpha="30"/>
			<INSTANCE name="replybutton" color="0xA90101" alpha="100"/>
			<INSTANCE name="listholder" color="0xF1B8B9" alpha="50"/>
			<INSTANCE name="nextbutton" color="0x0099FF" alpha="40"/>
			<INSTANCE name="nextlistbuttoncolor" color="0x0099FF" alpha="100"/>
			<INSTANCE name="prevlistbuttoncolor" color="0x0099FF" alpha="100"/>
			<!-- Button texts -->
			<INSTANCE name="replytextcolor" color="0xFF0000" alpha="100"/>
			<INSTANCE name="sharetextcolor" color="0xFF0000" alpha="100"/>
			<INSTANCE name="sharebtntextcolor" color="0x000000" alpha="100"/>
			<INSTANCE name="nextbtntextcolor" color="0xffffff" alpha="100"/>
			<INSTANCE name="headertext" color="0x0099FF" alpha="100"/>
			<!-- Timer texts -->
			<INSTANCE name="runtimetextcolor" color="0xFFFFFF" alpha="100"/>
			<INSTANCE name="totaltimetextcolor" color="0xFF0000" alpha="100"/>
			<!-- TOOL TIP SETTINGS -->
			<INSTANCE name="linecolor" color="0xFFFFFF" alpha="100"/>
			<INSTANCE name="fillcolor" color="0x0099FF" alpha="100"/>
			<INSTANCE name="textcolor" color="0xFFFFFF" alpha="100"/>
			<LISTTEXT ratingfillcolor="0xCC3300" color="0x000000" font="Verdana" size="12" bold="true" italic="false" underline="false" />
	</COLORS>
</THEME>