﻿<FLV_PLAYLIST Refresh="40" Sequence="order"> 
	<DESCRITPTION Name="Name" Value="" />
	<DESCRITPTION Name="Rating" Value="Rating: " />
	<DESCRITPTION Name="Comments" Value="Comments: " />
	<DESCRITPTION Name="Authour" Value="Author : " />
	<VIDEO Name="1 (2:30)"   Rating="0" Comments="" Views="6"  Thumbnails="thumbs/1[1].jpg,thumbs/1[2].jpg,thumbs/1[3].jpg" url="someurl" target="_self"/>
	<VIDEO Name="2 (2:13)" Authour="Arun" Rating="5" Comments="54" Views="155" Thumbnails="thumbs/2[1].jpg,thumbs/2[2].jpg,thumbs/2[3].jpg" url="someurl2" target="_self" />
	<VIDEO Name="3 (1:30)" Authour="Vinayak"  Rating="2" Comments="33" Views="22" Thumbnails="thumbs/3[1].jpg,thumbs/3[2].jpg,thumbs/3[3].jpg" url="someurl3" target="_self" />

	<VIDEO Name="4 (0:30)"  Authour="Vinayak"  Rating="1" Comments="13" Views="6"  Thumbnails="thumbs/4[1].jpg,thumbs/4[2].jpg,thumbs/4[3].jpg"  url="someurl4" target="_self"/>
	<VIDEO Name="5 (5:30)" Authour="Robby" Rating="2" Comments="64" Views="14" Thumbnails="thumbs/5[1].jpg,thumbs/5[2].jpg,thumbs/5[3].jpg" url="someurl5" target="_self" />
	<VIDEO Name="6 (1:30)" Authour="Someone"  Rating="4.4" Comments="23" Views="6" Thumbnails="thumbs/6[1].jpg,thumbs/6[2].jpg,thumbs/6[3].jpg" url="someurl" target="_self"/>
	<VIDEO Name="7" Authour=""  Rating="1.2"  Comments="23"  Views="6" Thumbnails="thumbs/7[1].jpg,thumbs/7[2].jpg" url="someurl6" arget="_self" />
	<VIDEO Name="8" Authour="Russel" Rating="5" Comments="5" Views="5" Thumbnails="thumbs/8[1].jpg,thumbs/8[2].jpg" url="someurl7" target="_self" />
	<VIDEO Name="9" Authour="Amir" Rating="1" Comments="6" Views="53" Thumbnails="thumbs/9.jpg" url="someurl8" target="_self" />
</FLV_PLAYLIST>